step,loss,ema_loss,lr,ppl,grad_norm
100,10.524219512939453,10.604068245056796,3.2000000000000003e-06,37205.784033247524,1.5461012596471262
200,9.61276626586914,9.696952337705126,6.4000000000000006e-06,14954.480992816329,1.712057501040338
300,9.07608699798584,9.144481709030194,9.600000000000001e-06,8743.684943000126,1.5938556746458485
400,8.516950607299805,8.629897917224984,1.2800000000000001e-05,4998.787226523575,1.3794750078691502
500,8.035021781921387,8.16859256801058,1.6000000000000003e-05,3087.206087031998,1.0729613062705485
600,7.831968307495117,7.811802940196162,1.9200000000000003e-05,2519.884402665333,0.676080025691821
700,7.570839881896973,7.576771708914633,2.2400000000000002e-05,1940.7696145047712,0.5151276330700881
800,7.41831111907959,7.463179960645068,2.5600000000000002e-05,1666.2170878663394,0.3942612435136645
900,7.339693069458008,7.3288740629398035,2.8800000000000002e-05,1540.239294627119,0.3985446165535012
1000,7.252120018005371,7.207839259324911,3.2000000000000005e-05,1411.0932224206474,0.4030473815641893
1100,7.105984210968018,7.110386929365836,3.52e-05,1219.2414852484324,0.42834731633696216
1200,6.929098129272461,6.998425746620251,3.8400000000000005e-05,1021.5722379417255,0.4193979938268775
1300,6.788000583648682,6.8628873384765585,4.16e-05,887.1380291262635,0.42412344681544256
1400,6.74614143371582,6.781231207454549,4.4800000000000005e-05,850.7696698522215,0.5542833356764394
1500,6.684821128845215,6.629279241502501,4.8e-05,800.1675384825955,0.4882233676887703
1600,6.523044109344482,6.591265464089226,5.1200000000000004e-05,680.6471993937429,0.5572984068103548
1700,6.47264289855957,6.50085016761376,5.440000000000001e-05,647.1919312883518,0.5286639009568397
1800,6.520285606384277,6.459745365621508,5.7600000000000004e-05,678.7722193373243,0.5467501029854263
1900,6.539678573608398,6.392168141988021,6.080000000000001e-05,692.0640946176959,0.655299640305246
2000,6.340317726135254,6.303057688934948,6.400000000000001e-05,566.9764259951321,0.5809101171615142
2100,6.150353908538818,6.242251792693189,6.720000000000001e-05,468.8832992250751,0.5759530978805562
2200,6.223686695098877,6.204523869423628,7.04e-05,504.559966065052,0.5618472169514738
2300,6.060488700866699,6.1280035149130985,7.360000000000001e-05,428.5848354690262,0.6917043429034656
2400,6.174019813537598,6.077907298434168,7.680000000000001e-05,480.1121937349851,0.6865409369360562
2500,5.914327621459961,6.010384564633328,8e-05,370.30523368699306,0.6175198169162869
2600,5.903121471405029,5.988720460669685,7.999912513520899e-05,366.17870212144066,0.67434424827236
2700,6.01519775390625,5.957340131446644,7.999650057910536e-05,409.6068322590994,0.6401387133117238
2800,5.988955974578857,5.892423105297996,7.999212644649572e-05,398.99782852381753,0.5972593508459725
2900,5.9071526527404785,5.877068539757719,7.998600292871878e-05,367.65781415226166,0.7557495918487466
3000,5.926459312438965,5.798214881589442,7.997813029363704e-05,374.8250232608898,0.6370057513765367
3100,5.912727355957031,5.781277527927862,7.99685088856251e-05,369.71312089116924,0.6082875393075502
3200,5.853871822357178,5.805902253352119,7.995713912555447e-05,348.58141637531793,0.6360492337000911
3300,5.734814167022705,5.724058441749393,7.99440215107753e-05,309.45545838635286,0.7094458402041854
3400,5.693050861358643,5.685784636266633,7.992915661509459e-05,296.7977295081004,0.6158464230144728
3500,5.734066963195801,5.650495899892281,7.991254508875098e-05,309.2243184486672,0.6659282474705671
3600,5.656045913696289,5.611923941506457,7.989418765838649e-05,286.0154738412467,0.6570537021911865
3700,5.567154407501221,5.59012879155527,7.987408512701457e-05,261.6883802454443,0.6496183231547933
3800,5.551980972290039,5.5608671726524825,7.985223837398508e-05,257.7476414418291,0.6411271670985735
3900,5.5128607749938965,5.531509250723427,7.982864835494576e-05,247.85918314331377,0.63108333899574
4000,5.700311660766602,5.518521906641332,7.980331610180046e-05,298.96056072672485,0.656839128844121
4100,5.30678129196167,5.472695645241002,7.9776242722664e-05,201.6999691402057,0.6611163564801085
4200,5.52608585357666,5.437270942031075,7.974742940181371e-05,251.15891180914892,0.6605680400433819
4300,5.386899471282959,5.428143540198217,7.971687739963757e-05,218.52479170565468,0.6132953707204153
4400,5.136770725250244,5.4168696804444,7.968458805257913e-05,170.16536937431508,0.6375863752800089
4500,5.38436222076416,5.378142743657362,7.965056277307902e-05,217.97104236200371,0.6716969070701885
4600,5.342399597167969,5.395269241429975,7.961480304951321e-05,209.01365759368423,0.6831595142782214
4700,5.294714450836182,5.287932818299457,7.957731044612784e-05,199.28071340021305,0.7459865292134146
4800,5.265307903289795,5.366563203575645,7.953808660297087e-05,193.50588071302136,0.707687317780496
4900,5.287811279296875,5.299643417216772,7.949713323582023e-05,197.90978178336402,0.7026366439979406
5000,5.182339191436768,5.300706122502586,7.94544521361089e-05,178.09893160644367,0.7262166361891247
5100,5.3466105461120605,5.2776350257782525,7.941004517084643e-05,209.89565916290678,0.707213511534582
5200,5.324056625366211,5.2852742961516865,7.936391428253735e-05,205.21467480138764,0.6811515286836843
5300,5.364162921905518,5.27131638592449,7.931606148909616e-05,213.61234960243203,0.7030568697943922
5400,5.117177963256836,5.22310841088995,7.926648888375905e-05,166.86380875360467,0.6932286845240748
5500,5.212236404418945,5.202044795504759,7.921519863499239e-05,183.5039887689644,0.6563213730388188
5600,5.119721412658691,5.181189004800745,7.916219298639779e-05,167.28875859829637,0.7153960399828182
5700,5.148754119873047,5.164411627771407,7.910747425661407e-05,172.2167951198184,0.7005011095372039
5800,5.111969470977783,5.139418700192664,7.905104483921571e-05,165.99695934297435,0.6968318352489475
5900,5.3274054527282715,5.1803200761398935,7.899290720260825e-05,205.9030553098716,0.698336179074332
6000,5.217807292938232,5.1128642898464225,7.893306388992023e-05,184.52912183301763,0.7079012859400194
6100,5.076869964599609,5.092701108201057,7.887151751889205e-05,160.27161418251916,0.7165950490156546
6200,5.0672478675842285,5.121150140760009,7.880827078176133e-05,158.73686077633963,0.7226641219800887
6300,4.988129615783691,5.107461806220507,7.874332644514525e-05,146.66185278479463,0.6973921988764137
6400,5.075902462005615,5.069261106398231,7.867668734991948e-05,160.11662596789367,0.7079146605788512
6500,4.958723545074463,5.021600906847348,7.860835641109395e-05,142.41189746114037,0.7299732285163324
6600,5.20027494430542,5.0766140479169595,7.853833661768526e-05,181.322088497994,0.6993686755756554
6700,4.798517227172852,4.969319901821876,7.846663103258601e-05,121.33037868475441,0.6935084275482836
6800,5.191508769989014,5.064014271132015,7.83932427924308e-05,179.73953407116815,0.7441944096839408
6900,4.946401596069336,5.030439782099769,7.8318175107459e-05,140.66787228383484,0.7270850227511195
7000,4.990053653717041,4.958590934073432,7.824143126137431e-05,146.94430739248233,0.7910698631478038
7100,5.054805278778076,4.994002730979103,7.81630146112012e-05,156.77400014695152,0.7580671168524891
7200,5.209531307220459,5.014729185601836,7.808292858713797e-05,183.00826343792775,0.7220332467637145
7300,4.90645170211792,4.955448765687979,7.800117669240675e-05,135.1589782310028,0.7171642709488946
7400,4.894942760467529,4.935572021378364,7.791776250310028e-05,133.61235848672914,0.7260004240091349
7500,5.109938144683838,4.946865536637899,7.783268966802539e-05,165.66010759847777,0.7302330269483092
7600,4.696305274963379,4.902325168985793,7.774596190854351e-05,109.54169740202991,0.7380327587178864
7700,5.003182411193848,4.955807818144009,7.76575830184078e-05,148.88622314431407,0.7713955784284102
7800,5.011480331420898,4.938309027799162,7.75675568635972e-05,150.12680917039137,0.7737260628752579
7900,4.8836283683776855,4.907006760585894,7.747588738214738e-05,132.10913593570913,0.7321648252303862
8000,4.92567253112793,4.938523228036508,7.738257858397844e-05,137.78197315639432,0.7703752416268047
8100,4.926167964935303,4.872099231197988,7.728763455071947e-05,137.85025191634895,0.7165036316384743
8200,4.98222017288208,4.897747340696431,7.719105943553007e-05,145.79771873008397,0.7577159877120795
8300,4.990255832672119,4.875553303244503,7.709285746291862e-05,146.97401944248003,0.7500247167452837
8400,4.906490802764893,4.864535799839798,7.699303292855756e-05,135.16426313781676,0.7329053535614638
8500,4.723435401916504,4.847418720544077,7.68915901990954e-05,112.55425836070759,0.7671239934367
8600,4.724006175994873,4.856972399433069,7.678853371196575e-05,112.61851975141336,0.7427922995940068
8700,4.888171195983887,4.852847925641611,7.668386797519321e-05,132.71065021884675,0.7400296846554896
8800,4.845325946807861,4.837947250954983,7.657759756719617e-05,127.14471765531543,0.7698646592363346
8900,4.574270248413086,4.791864476328924,7.64697271365866e-05,96.95725860064346,0.739252831592355
9000,4.751716613769531,4.854585234915836,7.636026140196651e-05,115.78286849877348,0.7473301614784555
9100,4.798664569854736,4.828856928627599,7.624920515172179e-05,121.34825714524173,0.7644382234561709
9200,4.625758647918701,4.767283963993084,7.61365632438126e-05,102.08018663530298,0.7169324669018398
9300,4.885786056518555,4.8140115173988,7.60223406055609e-05,132.39449399776146,0.7989417154853936
9400,4.736700057983398,4.746908901697216,7.590654223343488e-05,114.0571978374275,0.7510190858290312
9500,4.60044527053833,4.750531010633018,7.578917319283055e-05,99.52862294035035,0.7813985502849062
9600,4.705254077911377,4.767778862053454,7.56702386178499e-05,110.52636368786493,0.75467141687318
9700,4.984317302703857,4.799730720953498,7.554974371107655e-05,146.10379630400772,0.7726955410111784
9800,4.934932231903076,4.747913831614756,7.54276937433481e-05,139.06371812921637,0.7761272155902144
9900,4.682097434997559,4.760644703969623,7.530409405352549e-05,107.99635051198293,0.8015840233595456
10000,4.869034290313721,4.724013435856307,7.517895004825956e-05,130.195125473461,0.7699355523537068
10100,4.8373894691467285,4.733322946673169,7.505226720175455e-05,126.13963014686394,0.8206737667229232
10200,4.6864166259765625,4.756121168638765,7.492405105552853e-05,108.46381618490825,0.769543477379895
10300,4.774552345275879,4.726729586099123,7.47943072181711e-05,118.45727479117711,0.7759135626109046
10400,4.83217716217041,4.694276698097496,7.466304136509802e-05,125.48386218927517,0.8015112685454321
10500,4.769311904907227,4.645192340344668,7.453025923830296e-05,117.83813021843024,0.7670141506524036
10600,4.70438289642334,4.704444745368071,7.439596664610628e-05,110.43011709609178,0.7930153690460812
10700,4.687980651855469,4.688967955415495,7.426016946290104e-05,108.63358913037862,0.7521133470102754
10800,4.7341814041137695,4.690420176910107,7.412287362889592e-05,113.77028869881146,0.7973097660111866
10900,4.658949375152588,4.689007355172924,7.398408514985548e-05,105.5251565447679,0.8247026754141177
11000,4.626646041870117,4.6621513514944075,7.384381009683742e-05,102.17081217981553,0.8105768379843206
11100,4.8381805419921875,4.671775655289971,7.370205460592699e-05,126.23945526227256,0.7550870733944677
11200,4.446505069732666,4.641878536170355,7.355882487796859e-05,85.32820614198148,0.7594444873972611
11300,4.776082515716553,4.666706044905523,7.341412717829449e-05,118.6386733615163,0.7687342301681578
11400,4.526714324951172,4.60212832534655,7.326796783645088e-05,92.45428673944372,0.8028946232894028
11500,4.694482326507568,4.650434779617301,7.312035324592081e-05,109.34219043461225,0.7738237429167016
11600,4.58045768737793,4.610687550445676,7.297128986384471e-05,97.55903552955468,0.7829399748797787
11700,4.511993408203125,4.58521934393702,7.28207842107378e-05,91.10324357642175,0.7959094382861905
11800,4.75443172454834,4.582629162832074,7.26688428702049e-05,116.09765896514833,0.7918905868480732
11900,4.593235969543457,4.573258246362114,7.251547248865248e-05,98.81367138701341,0.8082664771367869
12000,4.632578372955322,4.559068934593398,7.236067977499791e-05,102.77872465110418,0.7561915040757422
12100,4.612020015716553,4.6019025151712,7.22044715003759e-05,100.68733434698304,0.8605433807787668
12200,4.650632381439209,4.575908964623112,7.204685449784243e-05,104.65114409731844,0.7899622210310049
12300,4.492281436920166,4.562869620053689,7.188783566207583e-05,89.32500294868017,0.786746332553256
12400,4.688955307006836,4.596368562085945,7.172742194907513e-05,108.73952103278738,0.8408704127075626
12500,4.497804641723633,4.619048704063624,7.156562037585576e-05,89.81972821084335,0.7671262596293146
12600,4.608870506286621,4.585007538264708,7.140243802014272e-05,100.37071749358624,0.7845477444469174
12700,4.650478839874268,4.60115595228979,7.123788202006088e-05,104.6350770303937,0.8219503704038139
12800,4.508722305297852,4.557530430889646,7.10719595738228e-05,90.80572236821588,0.8142803532320165
12900,4.588232517242432,4.56287396125432,7.090467793941375e-05,98.3204967123857,0.8319125950604355
13000,4.563988208770752,4.523686022292953,7.073604443427437e-05,95.9654478805356,0.781471713089223
13100,4.505157947540283,4.523425592017729,7.056606643498046e-05,90.48263442982069,0.8039987887435414
13200,4.547698974609375,4.5360075976150975,7.039475137692036e-05,94.41490707452107,0.7794222929847214
13300,4.434134483337402,4.531609437611946,7.022210675396968e-05,84.27914830445464,0.8117873252954558
13400,4.585478782653809,4.541569418073736,7.004814011816355e-05,98.05012060269716,0.8219001698740035
13500,4.515279293060303,4.53795001925712,6.987285907936617e-05,91.40309070671334,0.7792352445405035
13600,4.41031551361084,4.5294751372983075,6.9696271304938e-05,82.29542473503922,0.7788615989732917
13700,4.515038013458252,4.526576437952961,6.951838451940039e-05,91.38103966570159,0.7748718120544302
13800,4.660236835479736,4.523533760469043,6.93392065040976e-05,105.66110349170752,0.798770230479019
13900,4.691594123840332,4.546003103389015,6.915874509685646e-05,109.02684364049453,0.8113853122193937
14000,4.657293319702148,4.527979663289916,6.897700819164357e-05,105.35054565667608,0.7942749891517689
14100,4.322579383850098,4.49441010519161,6.879400373821986e-05,75.38281896402601,0.7913995509710234
14200,4.728918075561523,4.471816957283963,6.860973974179303e-05,113.17305139673088,0.8559119709975519
14300,4.496465682983398,4.509186603167922,6.842422426266717e-05,89.69954377966292,0.8136583345602414
14400,4.486578941345215,4.47596894313086,6.823746541589036e-05,88.81707711345959,0.8540850749051248
14500,4.6500244140625,4.5230020317633475,6.804947137089956e-05,104.58753895265764,0.7989145541470569
14600,4.365998268127441,4.502238891255247,6.786025035116328e-05,78.72795233263187,0.7585285895623645
14700,4.630525588989258,4.477835365687959,6.766981063382197e-05,102.5679585357516,0.8439611550865609
14800,4.272480487823486,4.450116956373754,6.747816054932578e-05,71.69926437739794,0.804827477395789
14900,4.609615802764893,4.445271841808715,6.728530848107027e-05,100.44555131908511,0.8492505834101901
15000,4.490464210510254,4.4594654637425535,6.709126286502965e-05,89.16282659446306,0.8354034199107092
15100,4.308562278747559,4.440352799152818,6.689603218938778e-05,74.33354116631973,0.8306889482322737
15200,4.321105003356934,4.386406772072939,6.669962499416691e-05,75.27175789947799,0.8236677215138144
15300,4.426759719848633,4.412667660141879,6.6502049870854e-05,83.65989574586595,0.793410383185
15400,4.428568363189697,4.447567386719447,6.630331546202498e-05,83.8113435754906,0.8310597492260564
15500,4.307323932647705,4.4045049266896745,6.610343046096674e-05,74.24154748729097,0.8644913226861107
15600,4.564237117767334,4.470673708068765,6.590240361129676e-05,95.98933751692347,0.8253795559121592
15700,4.484795093536377,4.418096845465187,6.570024370658067e-05,88.65878219406194,0.8077133871903127
15800,4.296553134918213,4.389202411199859,6.54969595899476e-05,73.44619776072953,0.805634599527837
15900,4.325855731964111,4.40890873249823,6.529256015370337e-05,75.63020435980968,0.7940106716115656
16000,4.609659194946289,4.45584993792931,6.508705433894149e-05,100.44990996523332,0.796984928606644
16100,4.476955890655518,4.387413467959588,6.488045113515204e-05,87.96648508732297,0.8140042322179439
16200,4.337358474731445,4.395847347831794,6.467275957982845e-05,76.50518181876048,0.7922191330421848
16300,4.6213579177856445,4.3953564011277155,6.446398875807217e-05,101.63194629776994,0.815693664750688
16400,4.3112287521362305,4.399675835737657,6.42541478021953e-05,74.5320140694863,0.8317403239077608
16500,4.307653427124023,4.365172620377535,6.404324589132101e-05,74.26601369762058,0.8408457419786366
16600,4.478368759155273,4.42496129437423,6.383129225098211e-05,88.09085800373559,0.8394069013923927
16700,4.2374396324157715,4.376816231117858,6.361829615271749e-05,69.23036953174595,0.8657762023246067
16800,4.2365570068359375,4.405718465777711,6.340426691366647e-05,69.16929199495912,0.806084465962049
16900,4.485441207885742,4.37085919946197,6.318921389616133e-05,88.71608441533502,0.8608634039650129
17000,4.391307830810547,4.386844608784193,6.297314650731775e-05,80.7459519996199,0.8371541705351235
17100,4.349559783935547,4.376607650651297,6.275607419862326e-05,77.44436316741331,0.8245782944145799
17200,4.36061954498291,4.342787648760907,6.253800646552387e-05,78.30563326014729,0.8637514362153941
17300,4.378951072692871,4.359488618205446,6.231895284700866e-05,79.75433301718397,0.8435113988133278
17400,4.3362603187561035,4.326051012527805,6.209892292519254e-05,76.42121330989994,0.7817712560423307
17500,4.393099308013916,4.397245325748961,6.187792632489708e-05,80.89073618195017,0.8226973619879488
17600,4.2743353843688965,4.32129777924605,6.165597271322952e-05,71.83238251722122,0.7918845470609707
17700,4.421148777008057,4.351354560487394,6.143307179915987e-05,83.19179931203126,0.828399303423126
17800,4.344348430633545,4.3619897391622136,6.12092333330962e-05,77.04182303015793,0.8304141569949205
17900,4.397577285766602,4.308978524763671,6.098446710645816e-05,81.25377533294522,0.8307315919603833
18000,4.583721160888672,4.3555223285844775,6.075878295124861e-05,97.87793693785635,0.8770647787140086
18100,4.348840713500977,4.339682127677712,6.053219073962366e-05,77.38869523251721,0.8290257147233452
18200,4.353209972381592,4.374388322865039,6.0304700383460684e-05,77.72756624491218,0.8758660403067964
18300,4.536518096923828,4.386882349740581,6.007632183392481e-05,93.36514511292403,0.903679278776629
18400,4.28908634185791,4.307845967143052,5.9847065081033686e-05,72.89983253746874,0.8286098240185532
18500,4.417557716369629,4.3347141962113,5.9616940153220336e-05,82.89358828349545,0.8612308974162872
18600,4.3575119972229,4.323250726510835,5.938595711689461e-05,78.0626724665682,0.8058485788357078
18700,4.2044548988342285,4.304452560300186,5.9154126076002784e-05,66.9840746156692,0.8355976721315511
18800,4.283693313598633,4.331246000278251,5.892145717158564e-05,72.50773991412257,0.8453042576448326
18900,4.3944244384765625,4.347914265265963,5.868796058133479e-05,80.99799801287487,0.8474109668123304
19000,4.479869365692139,4.311839891218164,5.845364651914752e-05,88.22314695310091,0.8347979227518314
19100,4.294566631317139,4.279636964832256,5.821852523467997e-05,73.30044144504754,0.8601819713058135
19200,4.169654846191406,4.248652715508257,5.798260701289882e-05,64.69311917700301,0.8842429541019472
19300,4.170882225036621,4.281685935821526,5.774590217363137e-05,64.77257089161446,0.8485876827917992
19400,4.22010612487793,4.302255554734272,5.750842107111408e-05,68.04070471776178,0.8543914559540515
19500,4.4005889892578125,4.314935343054514,5.727017409353971e-05,81.49885648241849,0.8543235834670417
19600,4.326273441314697,4.291825723451554,5.703117166260291e-05,75.66180240229696,0.8149223959859846
19700,4.247203350067139,4.289071898765096,5.6791424233044234e-05,69.90962595056892,0.8157400847668523
19800,4.589484214782715,4.336334483294016,5.655094229219293e-05,98.44364129008449,0.8755274680338339
19900,4.280699729919434,4.29513089879748,5.630973635950815e-05,72.29100649397014,0.8885044513001215
20000,4.229249000549316,4.236397880847075,5.606781698611879e-05,68.66564494364678,0.8337993546485402
20100,4.335227966308594,4.262009995802341,5.582519475436194e-05,76.34236039230217,0.9300039656363446
20200,4.110348224639893,4.241344332369282,5.558188027732001e-05,60.967944414041156,0.8364396244070132
20300,4.200600624084473,4.2515338273505545,5.533788419835647e-05,66.72639648838532,0.8308866425886459
20400,4.312311172485352,4.260827968376536,5.509321719065024e-05,74.61273271604782,0.8333981062553739
20500,4.037182331085205,4.236216277304173,5.4847889956728834e-05,56.66645035358587,0.859562220884002
20600,4.560842037200928,4.280614184764058,5.4601913228000235e-05,95.66399857100745,0.8791288606101022
20700,4.310675621032715,4.291156869959913,5.435529776428341e-05,74.49079949387945,0.8680552151450348
20800,4.338761806488037,4.275185037796367,5.410805435333766e-05,76.61261933755982,0.8714553274661434
20900,4.250308513641357,4.264625415418906,5.3860193810390726e-05,70.12704415941288,0.843284267283991
21000,4.300065994262695,4.239313652632552,5.361172697766573e-05,73.70465762363557,0.8648925688582842
21100,4.173349380493164,4.259499216801792,5.3362664723906854e-05,64.9325721861988,0.829059391776337
21200,4.170031547546387,4.237454174609937,5.311301794390391e-05,64.71749375333462,0.8503556147083889
21300,4.048575401306152,4.189969676934261,5.286279755801582e-05,57.31574691899788,0.8065553212204694
21400,4.160170555114746,4.200484883312546,5.261201451169287e-05,64.08245125776837,0.8388923361184002
21500,4.247191429138184,4.2086853831043145,5.23606797749979e-05,69.90879256785205,0.8727758409438104
21600,4.146024703979492,4.203607607312442,5.210880434212653e-05,63.182331928732694,0.8573507965232086
21700,4.051403045654297,4.181019909481547,5.1856399230926156e-05,57.47804481906428,0.8209080204038334
21800,4.44588565826416,4.266631235278667,5.160347548241401e-05,85.27536923809156,0.8483526096045748
21900,4.20197868347168,4.184844969884288,5.13500441602942e-05,66.81841281285855,0.8388042514057018
22000,4.2389702796936035,4.211367705327586,5.109611635047379e-05,69.33641794906877,0.8511814497663539
22100,4.294652462005615,4.219180066767152,5.084170316057778e-05,73.3067331424089,0.8754312053337056
22200,4.338947296142578,4.213866854024958,5.058681571946327e-05,76.6268315039184,0.8603802603624129
22300,4.125547409057617,4.151281135574397,5.033146517673267e-05,61.90168552076916,0.8373285967643675
22400,4.014593124389648,4.2395753842114425,5.007566270224593e-05,55.40074960232842,0.8234232322106958
22500,4.228478908538818,4.171540633550326,4.981941948563197e-05,68.61278643464999,0.8593018539486456
22600,4.377170562744141,4.232719100475985,4.9562746735799196e-05,79.61245597801411,0.8528560705185324
22700,4.331380367279053,4.20116692652496,4.930565568044522e-05,76.04918996334779,0.8544095119333979
22800,4.347921371459961,4.218899929013941,4.904815756556562e-05,77.31758124553832,0.8779835997587231
22900,4.261720657348633,4.189626472545992,4.8790263654962126e-05,70.93192805501404,0.8825070623485601
23000,4.203941345214844,4.185362627116137,4.853198522974988e-05,66.94968353329745,1.0129556802525987
23100,4.132768630981445,4.16780570770289,4.827333358786387e-05,62.35030918540078,0.8681078067213673
23200,4.224635601043701,4.184365271201437,4.8014320043564856e-05,68.34959248988513,0.8704849184278398
23300,4.05321741104126,4.1765825304233175,4.7754955926944336e-05,57.5824256579504,0.8314575333532006
23400,4.281585693359375,4.221944355501277,4.7495252583429e-05,72.35508206287484,0.8885339378989866
23500,4.267638206481934,4.195318077272601,4.7235221373284407e-05,71.35291560316004,0.8550858280337841
23600,4.229348182678223,4.221393281969917,4.697487367111807e-05,68.6724556862414,0.8183368236157647
23700,4.450623512268066,4.2275844143738155,4.671422086538191e-05,85.68035010021141,0.8922931893166909
23800,3.997511148452759,4.189874391830024,4.645327435787405e-05,54.46243230365553,0.8588040054219526
23900,4.259269714355469,4.187263639459024,4.6192045563240065e-05,70.75829081736313,0.8507671793477614
24000,4.40807580947876,4.199592449602974,4.593054590847368e-05,82.11131358642169,0.8903749190052752
24100,4.051395416259766,4.197944562938457,4.5668786832416974e-05,57.4776062980563,0.83215152237404
24200,4.067813873291016,4.14814278727759,4.540677978525988e-05,58.42908947631695,0.8253450757110752
24300,4.221298694610596,4.169253700569877,4.514453622803945e-05,68.12189640655002,0.8720812538182551
24400,4.1235127449035645,4.18844706059962,4.488206763213841e-05,61.775864425407676,0.8554541138835701
24500,4.309659481048584,4.219209500301198,4.4619385478783456e-05,74.41514485842359,0.8698149187107017
24600,4.206453323364258,4.181988586999417,4.4356501258542906e-05,67.11807107981777,0.888747579810196
24700,4.273227214813232,4.196877095701125,4.4093426470824204e-05,71.75282414802788,0.8666554668408553
24800,4.408530235290527,4.1879600760071165,4.383017262337081e-05,82.14863556614671,0.8492069304933763
24900,4.147928237915039,4.184084261372359,4.356675123175883e-05,63.30271618309233,0.8588556820689589
25000,4.06895112991333,4.133166103844406,4.33031738188933e-05,58.49557614429553,0.884286227701643
25100,4.126769542694092,4.170579165413049,4.303945191450413e-05,61.9773839001444,0.8624464150875398
25200,4.1620049476623535,4.146948626292665,4.2775597054641766e-05,64.20011151334216,0.8696643131231167
25300,4.342263221740723,4.177941296396181,4.251162078117254e-05,76.88134211192398,0.8544498272429741
25400,4.253355979919434,4.200610773051664,4.224753464127382e-05,70.34107992941881,0.853471252548095
25500,4.187855243682861,4.155216156650059,4.1983350186928894e-05,65.88133990566674,0.8581128728999077
25600,4.150642395019531,4.129199773280967,4.1719078974421625e-05,63.47476307548456,0.8764453597754098
25700,4.19838285446167,4.165876030532288,4.145473256383098e-05,66.57857668893239,0.8432237650830757
25800,4.099375247955322,4.159421377757303,4.11903225185253e-05,60.30260165272034,0.8359921249769958
25900,4.269431114196777,4.166097943432873,4.092586040465656e-05,71.48095954720914,0.887535534935087
26000,4.19771671295166,4.085152926251321,4.0661357790654345e-05,66.534240703982,0.882369263133603
26100,4.175914287567139,4.17104640210773,4.039682624671986e-05,65.09933197018279,0.8381445262894068
26200,4.136142253875732,4.161834264126236,4.013227734431981e-05,62.56101083004191,0.8527837382676051
26300,4.10692834854126,4.1600032934615125,3.98677226556802e-05,60.75979771897638,0.8716975058895404
26400,4.266671180725098,4.141574389544627,3.960317375328015e-05,71.28394884763537,0.8744653594140551
26500,4.342371463775635,4.153636655959236,3.933864220934566e-05,76.88966435524111,0.8790750076223981
26600,4.0912251472473145,4.155023657391526,3.9074139595343455e-05,59.81312672070048,0.8258734694271191
26700,4.223474979400635,4.1440005133754125,3.880967748147471e-05,68.27031049064838,0.8508173896680418
26800,4.116422176361084,4.185768272632417,3.854526743616903e-05,61.33938768723934,0.8770614631959035
26900,4.23991584777832,4.134970836118805,3.828092102557838e-05,69.40201125957324,0.8536417555613272
27000,3.848355531692505,4.101784917438959,3.8016649813071106e-05,46.91584813471357,0.8294500104180638
27100,4.089337348937988,4.132078870257087,3.7752465358726184e-05,59.70031811465162,0.8666678605653778
27200,4.103514671325684,4.113690754807451,3.7488379218827466e-05,60.55273700218216,0.8698880046550638
27300,4.199759483337402,4.137726043395083,3.722440294535824e-05,66.67029379583194,0.876443920566085
27400,4.167069435119629,4.1411548185064975,3.696054808549588e-05,64.52607689993867,0.8726727760322028
27500,4.105190277099609,4.131533876955623,3.669682618110671e-05,60.65428457101715,0.8719676601009544
27600,4.204748630523682,4.086910797947332,3.643324876824119e-05,67.00375285099167,0.8828766415423343
27700,4.141263961791992,4.143494833647473,3.6169827376629196e-05,62.882252003961085,0.8479600162924285
27800,3.978529930114746,4.081166582201608,3.59065735291758e-05,53.438418246776216,0.8444938072978996
27900,4.0821099281311035,4.115867332458778,3.56434987414571e-05,59.27039428499097,0.8557076832103768
28000,4.17715311050415,4.084738164874194,3.538061452121656e-05,65.18002848984105,0.8667914564965762
28100,4.068600177764893,4.123945938315125,3.51179323678616e-05,58.47505059812654,0.8516895900662155
28200,4.193851947784424,4.138395380901459,3.485546377196057e-05,66.27759773991832,0.8867641819347649
28300,4.129772663116455,4.113386724924134,3.459322021474014e-05,62.16378920615529,0.8678923389382113
28400,4.284487247467041,4.109309611928298,3.433121316758303e-05,72.5653291225486,0.8835726616217129
28500,4.159703731536865,4.124522856528479,3.406945409152632e-05,64.05254304006658,0.8631767459523851
28600,4.330422401428223,4.1402811377203195,3.380795443675995e-05,75.97637232035599,0.8965865115179478
28700,4.264040946960449,4.12618723572879,3.354672564212597e-05,71.09670175825723,0.8766141206126266
28800,4.090749263763428,4.087378229458846,3.3285779134618094e-05,59.78466941329282,0.8839781507609309
28900,4.180665493011475,4.152341262661998,3.302512632888194e-05,65.4093682103699,0.8792856140297268
29000,4.387263774871826,4.1206327596894265,3.276477862671562e-05,80.42007023907567,0.884469095898243
29100,3.98582124710083,4.115380473233345,3.250474741657101e-05,53.82947863356515,0.8605482028906468
29200,4.34954833984375,4.1166882057824035,3.224504407305568e-05,77.44347689208338,0.8794258730736282
29300,4.251053810119629,4.137515484340356,3.198567995643516e-05,70.17932907991982,0.8777479227093158
29400,4.055235862731934,4.118063448725658,3.1726666412136135e-05,57.69877038097378,0.8562577327740333
29500,4.267168045043945,4.157215990898568,3.146801477025013e-05,71.31937609886401,0.8635932122211762
29600,3.9438552856445312,4.098081604924568,3.120973634503788e-05,51.617217310702934,0.8682467465636815
29700,4.035634994506836,4.090661262126455,3.09518424344344e-05,56.57883608405032,0.8652536260158208
29800,3.9083328247070312,4.092038807639507,3.0694344319554796e-05,49.81583098141756,0.873349819681457
29900,3.8689913749694824,4.036330244091154,3.04372532642008e-05,47.894054568479355,0.841318554223449
30000,4.135431289672852,4.127441538524979,3.0180580514368037e-05,62.5165479984594,0.864833859696912
30100,4.134012699127197,4.093026038860811,2.9924337297754086e-05,62.42792548891092,0.8826033992983046
30200,4.060816287994385,4.095854510512698,2.9668534823267346e-05,58.021654133230356,0.9292107230351672
30300,3.9956045150756836,4.081924581676937,2.9413184280536744e-05,54.3586913418459,0.8774724968276728
30400,4.109882831573486,4.097721274392591,2.915829683942224e-05,60.939576956958746,0.8856952187629048
30500,4.250758647918701,4.111764563343729,2.890388364952623e-05,70.15861785142522,0.8923782901746472
30600,4.243919849395752,4.138679954268641,2.86499558397058e-05,69.68045409569248,0.8863064150543674
30700,3.89859676361084,4.066912631273482,2.8396524517586005e-05,49.33317440698782,0.8850535460806156
30800,3.9905056953430176,4.058450945023701,2.8143600769073857e-05,54.08223158197859,0.8646144654980615
30900,4.178802490234375,4.090073675012821,2.7891195657873476e-05,65.28762381603036,0.8987198014611055
31000,4.19885778427124,4.139721356242958,2.7639320225002108e-05,66.61020434954565,0.8664447096488341
31100,3.8777453899383545,4.0645686801617975,2.7387985488307144e-05,48.31516033296943,0.8953737432547927
31200,4.208177089691162,4.116477769698251,2.7137202441984195e-05,67.23386672431567,0.8698476408055861
31300,4.038530349731445,4.086828910383526,2.688698205609609e-05,56.742889294262305,0.8525742960587668
31400,4.190704822540283,4.101252788697977,2.6637335276093163e-05,66.06934171473458,0.8738205333547403
31500,4.052016258239746,4.088179454493897,2.638827302233428e-05,57.51330188846888,0.8817107961448527
31600,4.086389541625977,4.0570615938021195,2.6139806189609287e-05,59.52459221068464,0.9141495408031483
31700,4.217720031738281,4.065008611707508,2.589194564666236e-05,67.8785467979043,0.8832318701425655
31800,4.277918338775635,4.095558475584289,2.564470223571661e-05,72.09021629621543,0.8909027189588694
31900,4.132287979125977,4.0634613458194,2.539808677199978e-05,62.320347594725675,0.8652603938867048
32000,3.9563920497894287,4.021066136957969,2.5152110043271166e-05,52.26840354514688,0.8688013652007404
32100,4.069102764129639,4.09902194087852,2.4906782809349774e-05,58.50444674766819,0.8705832901564244
32200,4.068392753601074,4.062968487943587,2.4662115801643535e-05,58.46292271750322,0.8596751231856232
32300,4.103118896484375,4.041430605408012,2.441811972268e-05,60.52877649410022,0.8728377870803562
32400,4.285658359527588,4.1221393261125945,2.417480524563808e-05,72.65036103589274,0.8977493168756076
32500,4.335109710693359,4.089102371247295,2.393218301388123e-05,76.33333301328518,0.92262805476592
32600,3.8592305183410645,4.053263732448043,2.369026364049187e-05,47.428841700101955,0.8636446388294844
32700,4.081444263458252,4.134164677962666,2.344905770780707e-05,59.2309532060923,0.8915600404071126
32800,4.096469402313232,4.078880337211256,2.320857576695578e-05,60.12762594981665,0.8726380948623257
32900,3.9292967319488525,4.089813189548865,2.2968828337397095e-05,50.87118900421359,0.878126627202476
33000,4.1993584632873535,4.089805942688987,2.272982590646029e-05,66.64356303142164,0.8914853395892189
33100,4.146446704864502,4.067110435681021,2.249157892888593e-05,63.20900055541986,0.8859449668960402
33200,3.948662281036377,4.030147840123226,2.2254097826368653e-05,51.86593835798229,0.8882902255178894
33300,3.993887186050415,4.047470375417748,2.2017392987101197e-05,54.26541969540497,0.877234915374954
33400,4.119415283203125,4.084787234343558,2.178147476532003e-05,61.523258062782396,0.8734493741834928
33500,4.234035015106201,4.032003943234461,2.1546353480852495e-05,68.99506740143356,0.8942400222017174
33600,3.8582992553710938,4.059495875464943,2.1312039418665213e-05,47.384693536083844,0.8658282195890036
33700,3.8588192462921143,4.044284244272761,2.1078542828414373e-05,47.40933955381534,0.8839279663735695
33800,4.145866394042969,4.076673660046448,2.0845873923997216e-05,63.172330329472814,0.8987655643161855
33900,4.131104946136475,4.009993499683576,2.0614042883105415e-05,62.24666416116396,0.8788477319779513
34000,4.2047624588012695,4.131472740930497,2.038305984677969e-05,67.00467940389183,0.9040735855562906
34100,3.904371500015259,4.040367862949187,2.015293491896631e-05,49.61888464185028,0.8948829365654372
34200,4.105992794036865,4.070203154460413,1.9923678166075185e-05,60.70298019862202,0.8871951656046857
34300,3.96622896194458,4.068282201978734,1.969529961653932e-05,52.78510042371226,0.8677563761834995
34400,4.170461654663086,4.05387583993518,1.946780926037635e-05,64.74533519494476,0.9125737338925136
34500,4.011795997619629,4.070926180098603,1.9241217048751406e-05,55.246003206073944,0.8923042162448029
34600,4.092443466186523,4.067443332135226,1.9015532893541868e-05,59.88604259417333,0.8896059505809484
34700,3.986375570297241,4.079602714710524,1.8790766666903822e-05,53.85932583395595,0.8800167094581869
34800,4.138866901397705,4.0950136015974525,1.8566928200840128e-05,62.73169996143608,0.8978356126325318
34900,3.917313575744629,4.051866826387601,1.834402728677048e-05,50.26522950484634,0.9125229731063399
35000,4.192267417907715,4.037016324042489,1.8122073675102935e-05,66.17266206495444,0.872550970628115
35100,4.211116313934326,4.056392245957382,1.7901077074807477e-05,67.43177283810066,0.9030864177369007
35200,3.9766573905944824,4.043132776895327,1.7681047152991363e-05,53.338446326606295,0.8687280748290059
35300,4.006189346313477,4.092285491991486,1.7461993534476144e-05,54.93712482584625,0.8730653815095359
35400,4.033838748931885,4.044525277246346,1.7243925801376758e-05,56.47729782122718,0.9038529811897154
35500,4.133040428161621,4.055501425247035,1.702685349268226e-05,62.36725812685337,0.8783923255029952
35600,4.1092681884765625,4.037149148588462,1.6810786103838667e-05,60.902132375358335,0.9134242773282258
35700,3.9533450603485107,4.03387127406288,1.659573308633354e-05,52.109384658914315,0.886145459749432
35800,3.9467849731445312,4.078650751341527,1.6381703847282518e-05,51.76866136059163,0.859098862187583
35900,4.024508476257324,4.028764306297834,1.6168707749017895e-05,55.95279989194568,0.8917000621806382
36000,3.9367527961730957,4.032790166021844,1.5956754108678996e-05,51.25190541584183,0.8719666876006387
36100,4.092007160186768,4.055818923749681,1.5745852197804717e-05,59.859919653700096,0.9124661984099904
36200,3.998621702194214,4.0586693595612715,1.5536011241927834e-05,54.522949359120496,0.8655787409873391
36300,3.985393524169922,3.9943597768230363,1.532724042017156e-05,53.80645945446106,0.922055315114111
36400,4.026496887207031,4.035657327501429,1.5119548864847979e-05,56.06416773774597,0.8929926140640211
36500,4.034647464752197,4.037832517700607,1.491294566105852e-05,56.52299037912061,0.8761352516368437
36600,3.9933149814605713,4.005884927166766,1.4707439846296648e-05,54.23437765523138,0.8781379863701277
36700,3.9104630947113037,4.0241365357788625,1.4503040410052412e-05,49.92206526557496,0.8824054638989601
36800,4.328115463256836,4.0810110926885494,1.4299756293419353e-05,75.80130154329918,0.8930731672284073
36900,4.1703009605407715,4.048044057540938,1.409759638870325e-05,64.73493183603335,0.9115400364643715
37000,4.132948875427246,4.075303083699047,1.3896569539033253e-05,62.36154849520657,0.8910182660326343
37100,4.110892295837402,4.056950832036384,1.3696684537975023e-05,61.00112434187127,0.897534461453963
37200,4.047680377960205,4.100357104517375,1.3497950129146014e-05,57.264470937438226,0.9062440852818754
37300,3.9752910137176514,4.04627073284613,1.3300375005833103e-05,53.26561567528962,0.8605230695429524
37400,3.943474292755127,4.081218318875425,1.3103967810612214e-05,51.5975552637246,0.965045358737703
37500,4.074660301208496,4.028666036153013,1.2908737134970367e-05,58.83049254636117,0.870165565511615
37600,3.9037327766418457,3.9731497360987165,1.271469151892974e-05,49.587202019759594,0.8725326918284041
37700,4.134330749511719,3.9974868370417505,1.2521839450674218e-05,62.447783872433405,0.8909130674360131
37800,4.165700435638428,4.026128271089166,1.233018936617803e-05,64.43780117263806,0.8804636883327962
37900,4.013147830963135,4.061554886923367,1.2139749648836712e-05,55.320737097805655,0.8963370465842672
38000,4.106678485870361,4.046287292047257,1.1950528629100457e-05,60.74461801013534,0.8976006760876678
38100,4.0681023597717285,4.034056323401962,1.1762534584109657e-05,58.445947910309464,0.8844170762145365
38200,3.8775320053100586,4.034787174368147,1.1575775737332835e-05,48.30485172032957,0.8635626892197615
38300,4.052308082580566,4.049053312944935,1.1390260258206988e-05,57.5300881190771,0.8733212800406677
38400,4.062349319458008,3.997002138587363,1.120599626178013e-05,58.11067137026673,0.8754815657224284
38500,4.146169662475586,4.056502773918575,1.1022991808356442e-05,63.19149140840494,0.8805967227789866
38600,4.19389533996582,4.04838600155248,1.0841254903143547e-05,66.2804737318593,0.8899300486067058
38700,3.7346506118774414,4.010225368653716,1.066079349590241e-05,41.8733929408746,0.8607524285186513
38800,4.142417907714844,4.051897200786316,1.0481615480599622e-05,62.954856605115886,0.8676131992109019
38900,3.965179443359375,4.005855258852796,1.0303728695062007e-05,52.72973054073872,0.8986505485223975
39000,3.976893901824951,4.037635488673854,1.0127140920633857e-05,53.351062960107235,0.8712656256891846
39100,3.9636263847351074,4.021884516496032,9.951859881836472e-06,52.647901736879426,0.8863518226079344
39200,3.834292411804199,3.9949064679426143,9.777893246030329e-06,46.26068257137757,0.8918829528393651
39300,4.118074893951416,3.9874975991599815,9.605248623079664e-06,61.44084819193591,0.9224072766211198
39400,4.045505046844482,4.03562839059554,9.433933565019555e-06,57.14003714340369,0.9158554052497262
39500,4.244900703430176,4.088064648479835,9.263955565725648e-06,69.74883398007324,0.913686157277704
39600,3.88820219039917,3.9731262335739723,9.095322060586259e-06,48.823033057919304,0.893576379970478
39700,3.98367977142334,4.086825380882265,8.928040426177227e-06,53.71432745506954,0.8649632052882844
39800,3.993291139602661,4.036097771907414,8.762117979939129e-06,54.23308462231969,0.9213595367152463
39900,4.0134735107421875,4.052224151529747,8.597561979857292e-06,55.338756877420344,0.8608386571733423
40000,4.002641677856445,4.0445259442995525,8.434379624144261e-06,54.742571430506786,0.8911351820660585
40100,3.9940388202667236,4.02591721346586,8.272578050924887e-06,54.27364881368533,0.9076472131237174
40200,3.901963949203491,4.022208933746451,8.11216433792417e-06,49.49956834351001,0.8743717684441092
40300,3.9708242416381836,4.0412798813733,7.953145502157564e-06,53.028220899283504,0.8788636136300837
40400,3.911332130432129,4.0458249427836845,7.795528499624119e-06,49.96546818015812,0.888433024512
40500,4.16048526763916,4.054687800406103,7.639320225002106e-06,64.10262198159757,0.9119399268306491
40600,4.231637954711914,4.066384132088389,7.484527511347517e-06,68.82988011900636,0.9159309824859728
40700,4.028213024139404,4.048011358438721,7.331157129795117e-06,56.160464131848904,0.8707367455863705
40800,4.340987205505371,4.032215962140702,7.179215789262221e-06,76.78330283435093,0.8896786042729329
40900,4.10899543762207,4.067697332338762,7.02871013615531e-06,60.88552353185365,0.8806683520717694
41000,4.025729656219482,3.9895521801797442,6.8796467540791986e-06,56.02117006764807,0.8877228220111986
41100,4.055202007293701,3.9876122742415396,6.732032163549141e-06,57.696816996883584,0.8782896778648014
41200,4.180610656738281,4.046315685009631,6.585872821705508e-06,65.40578150272705,0.9169860553011756
41300,3.8980839252471924,4.019926647755054,6.441175122031418e-06,49.307880948833606,0.9154710449061122
41400,4.076416969299316,4.090102945084762,6.297945394073015e-06,58.93392902056203,0.9177822796136881
41500,3.9091012477874756,4.002222710672167,6.1561899031625794e-06,49.854125326960364,0.8810917015331386
41600,4.156311511993408,3.9665676955838816,6.015914850144535e-06,63.835630866618374,0.8859352480371608
41700,3.8948984146118164,4.013876010138504,5.87712637110411e-06,49.15106007954807,0.8899713144734286
41800,3.9425201416015625,4.018926610604841,5.739830537098985e-06,51.54834687670153,0.8881471607639064
41900,3.880765199661255,4.050582996235053,5.604033353893723e-06,48.461283444859006,0.8623447837493589
42000,3.8048689365386963,3.9882395200773884,5.469740761697044e-06,44.91936244007151,0.852405137850721
42100,4.000383377075195,3.982425399342335,5.336958634901983e-06,54.61908572509077,0.8903125795036624
42200,4.091878414154053,3.987863091005778,5.205692781828915e-06,59.852213422610035,0.895130929309744
42300,4.069538116455078,4.049416844190141,5.07594894447148e-06,58.52992233963507,0.9008284159423967
42400,3.968730926513672,4.041804269427768,4.9477327982454615e-06,52.91733222541071,0.8829321334466648
42500,4.106145858764648,4.042299338175437,4.821049951740442e-06,60.71227239489736,0.9080610173932315
42600,3.9837543964385986,4.039562940425418,4.6959059464745235e-06,53.71833603714388,0.8992596434901118
42700,4.014547824859619,4.005542707610261,4.572306256651908e-06,55.398240031249784,0.8956925753931233
42800,4.049927711486816,4.002974801622117,4.450256288923452e-06,57.39330801858116,0.8787616011966797
42900,3.854416847229004,4.031093238961164,4.329761382150115e-06,47.20108347132503,0.8669227749531015
43000,4.13930082321167,4.021815458073339,4.2108268071694616e-06,62.758926521148325,0.8837160992467752
43100,4.156641006469727,4.059603403589975,4.093457766565117e-06,63.85666781997086,0.9097422429680015
43200,4.078423500061035,3.9825206959036983,3.977659394439117e-06,59.05230048032315,0.8909140412118509
43300,3.9908132553100586,4.015311191493577,3.863436756187406e-06,54.09886766950758,0.8775188743974589
43400,4.169651985168457,3.9647065832048973,3.7507948482782187e-06,64.69293408876916,0.8753251077639065
43500,4.013116836547852,4.007006196470956,3.6397385980335e-06,55.319022490478034,0.8666043087745904
43600,4.0916619300842285,4.033345614685746,3.530272863413422e-06,59.83925777425666,0.8828517071213877
43700,3.7995212078094482,4.008431792258873,3.422402432803824e-06,44.679787038133,0.8794343534380699
43800,4.209593772888184,4.041737038861074,3.316132024806806e-06,67.3291833143389,0.9043073742353449
43900,4.093710899353027,4.035694948088627,3.211466288034264e-06,59.961992271170615,0.9198576493247839
44000,4.031465530395508,4.0546216762222,3.1084098009046106e-06,56.343423770176514,0.8806717836809078
44100,4.15229606628418,4.035474185657354,3.0069670714424483e-06,63.5798163050262,0.9013262383292083
44200,4.141173839569092,4.063458529288393,2.9071425370813843e-06,62.876585170987134,0.884136305202049
44300,4.211240768432617,4.014856797012306,2.8089405644699463e-06,67.44016554780251,0.883725962961075
44400,3.9532899856567383,4.056622089783227,2.7123654492805386e-06,52.106514829643984,0.8915865105420827
44500,4.185970783233643,4.001388525229572,2.6174214160215704e-06,65.7573060314438,0.8852107424726984
44600,4.176167011260986,4.033754802109025,2.5241126178526187e-06,65.11578619292371,0.9211299754172423
44700,3.9053497314453125,4.013224913050602,2.4324431364028023e-06,49.66744714314108,0.88893664243912
44800,3.9818572998046875,4.019095408439019,2.3424169815922106e-06,53.616523767060926,0.8762135576198724
44900,4.039342880249023,4.00457274469894,2.254038091456492e-06,56.78901335953715,0.8846407324734689
45000,4.260808944702148,4.095698855074001,2.1673103319746146e-06,70.86728799022654,0.9072116774347047
45100,3.816659688949585,4.036399129490207,2.0822374968997305e-06,45.45213021534054,0.8593047842356674
45200,3.701504945755005,3.9596992679122334,1.998823307593254e-06,40.50822118582728,0.8594157775870971
45300,4.093105316162109,3.969595933114687,1.917071412862046e-06,59.92569128929885,0.9037821911301964
45400,4.136223793029785,4.071728512675703,1.8369853887988087e-06,62.56611220991995,0.9139640208480126
45500,4.073646545410156,4.0210356988816,1.7585687386256944e-06,58.77088301328307,0.8697966928332161
45600,3.8071796894073486,4.020831823511781,1.6818248925410063e-06,45.023280003352,0.8636938703457422
45700,4.152605056762695,4.051043701336826,1.6067572075691984e-06,63.599464898348025,0.9047954785448958
45800,4.159958362579346,4.039495251241668,1.533368967413984e-06,64.068854882537,0.9027866637990416
45900,4.016854286193848,4.026213436165745,1.4616633823147442e-06,55.5261613959977,0.9113320661282052
46000,3.9779815673828125,3.992722921407046,1.3916435889060575e-06,53.40912264279902,0.9015034626403939
46100,4.202085018157959,4.034135147239009,1.323312650080517e-06,66.82551830559616,0.9141569562969578
46200,4.037691116333008,4.051218456087371,1.256673554854757e-06,56.69528874322263,0.9127745096858939
46300,4.056926727294922,4.01218705765729,1.1917292182386774e-06,57.79641371470166,0.8952479643161422
46400,3.8048062324523926,4.015936222340871,1.1284824811079598e-06,44.916545900797544,0.8967972769196085
46500,3.9573190212249756,4.005057346541238,1.0669361100797704e-06,52.31687732564879,0.881208430748833
46600,4.069406986236572,4.002722753067316,1.0070927973917598e-06,58.522247801322486,0.9047075458077554
46700,4.062540054321289,4.00864286638671,9.48955160784295e-07,58.121756158319876,0.9001016207087132
46800,4.229402542114258,4.011769336730833,8.925257433859369e-07,68.67618878366727,0.9045323828650903
46900,4.034916877746582,4.010213937346925,8.378070136022142e-07,56.53822045870878,0.8979893438581964
47000,3.995042562484741,4.01420512731896,7.848013650076258e-07,54.32815291578358,0.8853442219730073
47100,3.95015549659729,4.015663011089275,7.335111162409592e-07,51.9434432355634,0.8629441298694318
47200,4.119246482849121,3.9798812054730126,6.839385109038521e-07,61.51287379150092,0.9071453342801603
47300,3.933783531188965,3.973010653281323,6.360857174626533e-07,51.09995063636639,0.8800368298199693
47400,3.85620379447937,4.026516219330177,5.89954829153574e-07,47.28550472334614,0.8760704310955527
47500,4.22255802154541,4.006045559731356,5.455478638911071e-07,68.20773818563296,0.8921918985083294
47600,3.959742307662964,4.0236966353173464,5.028667641797702e-07,52.44380983975426,0.9139542264856231
47700,4.0238189697265625,4.041398280508359,4.619133970291412e-07,55.91423336846862,0.8810496676751649
47800,3.93347430229187,3.9903099166542217,4.226895538721598e-07,51.08415149789049,0.8996201814173246
47900,3.9183146953582764,3.983061497988972,3.8519695048680363e-07,50.31557620931984,0.8839753314967725
48000,3.9916577339172363,4.0024979943375785,3.4943722692099224e-07,54.14457230150283,0.9038869996399538
48100,4.160910606384277,4.033558431592213,3.154119474208894e-07,64.12989310971251,0.8942266396957926
48200,3.992201566696167,4.0335846283407895,2.8312260036243763e-07,54.174025902912604,0.8768613668410024
48300,4.037993907928467,4.013673494288493,2.525705981862903e-07,56.71245819940854,0.875034416808352
48400,3.8766369819641113,4.022364136848934,2.2375727733599418e-07,48.261637092252684,0.8661630441458934
48500,4.294954776763916,4.0581336291169094,1.9668389819954338e-07,73.32889819996386,0.9242447938011296
48600,3.982316255569458,4.03699373919795,1.7135164505424962e-07,53.641137027497614,0.9178855518076833
48700,4.051868915557861,4.025499424631391,1.4776162601492617e-07,57.50482834859696,0.8755216262620914
48800,4.004420757293701,4.004603155372646,1.259148729854287e-07,54.84004949858372,0.9220149160376244
48900,4.153209209442139,4.059497338922176,1.0581234161351372e-07,63.637900294732304,0.8922335102743676
49000,4.087208271026611,4.0403369705196885,8.745491124901861e-08,59.57334670003183,0.8764150596021869
49100,4.1625847816467285,4.057147405714271,7.084338490542131e-08,64.23734771416235,0.9335750311549064
49200,3.9431135654449463,3.997695739891686,5.5978489224695064e-08,51.5789459730439,0.8928244201609716
49300,4.166817665100098,4.074471754179405,4.2860874445538326e-08,64.50983321321978,0.9181497728915841
49400,3.945124387741089,3.9921173659388445,3.149111437491303e-08,51.682766414865284,0.925501018470421
49500,4.1703033447265625,4.075412050130258,2.1869706362958044e-08,64.73508617632201,0.9116211344265821
49600,3.9491348266601562,4.0333970074221055,1.3997071281228737e-08,51.8904531719044,0.9205082215817965
49700,4.005006790161133,3.997374405947918,7.873553504289534e-09,54.872196988864374,0.8770080757933367
49800,4.072001934051514,4.044479770994251,3.499420894641503e-09,58.67430718813923,0.883856290479027
49900,4.025991916656494,4.007503325514463,8.748647910161723e-10,56.03586413094342,0.8887293228594323
50000,4.0736260414123535,4.042481942103308,0.0,58.76967798758087,0.9008215468263647
